{"stats":{"minecraft:broken":{"minecraft:stone_hoe":1},"minecraft:killed_by":{"minecraft:player":1,"minecraft:zombie":1,"born_in_chaos_v1:fallen_chaos_knight":1,"born_in_chaos_v1:barrel_zombie":1},"minecraft:killed":{"minecraft:pig":4,"minecraft:spider":1,"born_in_chaos_v1:maggot":3,"minecraft:sheep":6,"minecraft:skeleton":2,"minecraft:zombie":7,"born_in_chaos_v1:dread_hound":1,"born_in_chaos_v1:corpse_fly":5,"minecraft:cow":1},"minecraft:dropped":{"minecraft:wheat_seeds":3,"minecraft:oak_log":1,"minecraft:cooked_porkchop":2,"minecraft:cooked_mutton":1,"irons_spellbooks:scroll":1,"minecraft:shield":1,"minecraft:iron_chestplate":4,"minecraft:torch":1,"irons_spellbooks:hither_thither_wand":1,"minecraft:iron_axe":3,"minecraft:sunflower":5,"minecraft:arrow":1,"minecraft:iron_pickaxe":2,"paraglider:paraglider":3},"minecraft:crafted":{"minecraft:cooked_beef":1,"minecraft:wooden_sword":1,"minecraft:oak_door":3,"minecraft:oak_planks":96,"minecraft:cooked_porkchop":8,"minecraft:crafting_table":1,"farmersdelight:iron_knife":1,"minecraft:iron_helmet":1,"minecraft:wooden_pickaxe":1,"minecraft:furnace":3,"farmersdelight:rope":4,"minecraft:bone":6,"minecraft:stone_axe":1,"minecraft:cooked_mutton":4,"minecraft:air":0,"minecraft:iron_boots":1,"minecraft:iron_chestplate":3,"minecraft:shield":2,"minecraft:iron_axe":2,"minecraft:stick":52,"minecraft:iron_pickaxe":3,"minecraft:iron_ingot":58,"minecraft:stone_pickaxe":1,"minecraft:wooden_axe":1,"minecraft:chest":2,"minecraft:iron_leggings":1,"minecraft:white_bed":1,"minecraft:torch":72},"minecraft:picked_up":{"paraglider:paraglider":4,"irons_spellbooks:scroll":2,"minecraft:iron_chestplate":2,"born_in_chaos_v1:corpse_maggot":11,"minecraft:crafting_table":3,"born_in_chaos_v1:monster_flesh":3,"minecraft:andesite":2,"minecraft:leather":2,"minecraft:wooden_pickaxe":1,"minecraft:oak_log":31,"minecraft:string":3,"minecraft:dirt":107,"minecraft:iron_axe":2,"minecraft:cooked_mutton":2,"irons_spellbooks:iron_spell_book":1,"minecraft:bone":11,"irons_spellbooks:arcane_essence":2,"minecraft:wheat_seeds":5,"minecraft:gold_nugget":3,"minecraft:beef":1,"farmersdelight:straw":2,"born_in_chaos_v1:gnawed_bones":2,"minecraft:stone_hoe":1,"minecraft:oak_planks":93,"irons_spellbooks:hither_thither_wand":1,"minecraft:furnace":2,"minecraft:raw_iron":32,"minecraft:stick":3,"minecraft:cooked_porkchop":2,"minecraft:oak_door":2,"iceandfire:silver_ore":1,"minecraft:diorite":7,"minecraft:torch":7,"minecraft:gravel":1,"minecraft:porkchop":9,"minecraft:pointed_dripstone":2,"minecraft:ink_sac":1,"minecraft:white_bed":2,"born_in_chaos_v1:pieceofdarkmetal":5,"alexsmobs:animal_dictionary":1,"minecraft:rotten_flesh":9,"minecraft:arrow":5,"minecraft:cooked_cod":1,"minecraft:gray_wool":1,"minecraft:oak_sapling":27,"minecraft:mutton":8,"minecraft:cod":2,"minecraft:coal":139,"minecraft:sunflower":6,"minecraft:white_wool":7,"minecraft:cobblestone":91,"minecraft:wooden_axe":3},"minecraft:mined":{"minecraft:white_bed":2,"iceandfire:silver_ore":1,"minecraft:sculk_vein":4,"minecraft:crafting_table":2,"minecraft:torch":4,"minecraft:grass_block":3,"minecraft:tall_grass":16,"minecraft:spruce_leaves":2,"minecraft:oak_planks":12,"minecraft:sculk":135,"born_in_chaos_v1:gnawed_bones":1,"minecraft:diorite":1,"minecraft:wall_torch":2,"minecraft:furnace":2,"minecraft:iron_ore":31,"minecraft:andesite":2,"minecraft:grass":33,"minecraft:oak_log":30,"minecraft:coal_ore":121,"biomesoplenty:webbing":2,"minecraft:sunflower":7,"minecraft:gravel":1,"minecraft:dirt":36,"minecraft:stone":78,"minecraft:oak_leaves":52},"minecraft:custom":{"minecraft:interact_with_furnace":47,"minecraft:mob_kills":30,"minecraft:interact_with_crafting_table":42,"minecraft:leave_game":1,"minecraft:time_since_death":33827,"minecraft:sleep_in_bed":4,"minecraft:time_since_rest":33462,"minecraft:sprint_one_cm":59772,"minecraft:damage_taken":1893,"minecraft:walk_one_cm":394715,"minecraft:drop":29,"minecraft:damage_dealt":4524,"minecraft:player_kills":1,"minecraft:fly_one_cm":68367,"minecraft:open_chest":11,"minecraft:crouch_one_cm":5021,"minecraft:play_time":103151,"minecraft:deaths":5,"minecraft:sneak_time":2507,"minecraft:walk_under_water_one_cm":932,"minecraft:jump":1258,"minecraft:walk_on_water_one_cm":1254,"minecraft:total_world_time":103151,"minecraft:fall_one_cm":21291},"minecraft:used":{"farmersdelight:iron_knife":10,"minecraft:cooked_mutton":3,"minecraft:diorite":6,"minecraft:stone_pickaxe":90,"minecraft:oak_planks":22,"minecraft:chest":2,"minecraft:wooden_pickaxe":26,"minecraft:stone_hoe":131,"minecraft:rotten_flesh":4,"minecraft:iron_chestplate":1,"minecraft:oak_door":1,"minecraft:torch":74,"minecraft:dirt":5,"minecraft:mutton":4,"minecraft:crafting_table":4,"minecraft:white_bed":3,"born_in_chaos_v1:corpse_maggot":4,"minecraft:oak_log":6,"minecraft:wooden_axe":31,"minecraft:iron_axe":24,"minecraft:bread":1,"minecraft:iron_pickaxe":127,"minecraft:iron_helmet":1,"minecraft:iron_boots":1,"born_in_chaos_v1:gnawed_bones":1,"born_in_chaos_v1:nightmare_scythe":2,"minecraft:stone_axe":60,"minecraft:cobblestone":28,"minecraft:furnace":5,"minecraft:bucket":1,"minecraft:andesite":2,"minecraft:iron_leggings":1,"minecraft:pointed_dripstone":2}},"DataVersion":3120}