{"stats":{"minecraft:killed_by":{"minecraft:player":1,"minecraft:zombie":1,"born_in_chaos_v1:fallen_chaos_knight":1,"born_in_chaos_v1:barrel_zombie":1},"minecraft:killed":{"minecraft:pig":1,"minecraft:spider":1,"born_in_chaos_v1:maggot":3,"minecraft:sheep":6,"minecraft:skeleton":2,"minecraft:zombie":5,"born_in_chaos_v1:dread_hound":1,"born_in_chaos_v1:corpse_fly":5},"minecraft:dropped":{"minecraft:wheat_seeds":3,"minecraft:oak_log":1,"minecraft:cooked_porkchop":2,"minecraft:cooked_mutton":1,"minecraft:torch":1,"irons_spellbooks:hither_thither_wand":1,"minecraft:sunflower":5,"minecraft:arrow":1,"minecraft:iron_pickaxe":1,"paraglider:paraglider":3},"minecraft:crafted":{"minecraft:wooden_sword":1,"minecraft:oak_door":3,"minecraft:oak_planks":96,"minecraft:crafting_table":1,"minecraft:wooden_pickaxe":1,"minecraft:furnace":2,"minecraft:stone_axe":1,"minecraft:cooked_mutton":4,"minecraft:air":0,"minecraft:shield":1,"minecraft:iron_axe":1,"minecraft:stick":36,"minecraft:iron_pickaxe":2,"minecraft:iron_ingot":21,"minecraft:stone_pickaxe":1,"minecraft:wooden_axe":1,"minecraft:chest":1,"minecraft:white_bed":1,"minecraft:torch":24},"minecraft:picked_up":{"paraglider:paraglider":4,"born_in_chaos_v1:corpse_maggot":11,"minecraft:crafting_table":3,"born_in_chaos_v1:monster_flesh":3,"minecraft:andesite":2,"minecraft:wooden_pickaxe":1,"minecraft:oak_log":31,"minecraft:string":2,"minecraft:dirt":107,"minecraft:cooked_mutton":2,"irons_spellbooks:iron_spell_book":1,"minecraft:bone":11,"irons_spellbooks:arcane_essence":2,"minecraft:wheat_seeds":4,"minecraft:gold_nugget":3,"minecraft:oak_planks":93,"irons_spellbooks:hither_thither_wand":1,"minecraft:furnace":2,"minecraft:raw_iron":12,"minecraft:stick":3,"minecraft:cooked_porkchop":2,"minecraft:oak_door":2,"minecraft:torch":6,"minecraft:porkchop":1,"minecraft:pointed_dripstone":2,"minecraft:ink_sac":1,"minecraft:white_bed":2,"born_in_chaos_v1:pieceofdarkmetal":5,"alexsmobs:animal_dictionary":1,"minecraft:rotten_flesh":8,"minecraft:arrow":5,"minecraft:cooked_cod":1,"minecraft:gray_wool":1,"minecraft:oak_sapling":27,"minecraft:mutton":8,"minecraft:cod":2,"minecraft:coal":57,"minecraft:sunflower":6,"minecraft:white_wool":7,"minecraft:cobblestone":74,"minecraft:wooden_axe":3},"minecraft:mined":{"minecraft:white_bed":2,"minecraft:crafting_table":2,"minecraft:torch":3,"minecraft:grass_block":3,"minecraft:tall_grass":14,"minecraft:oak_planks":12,"minecraft:wall_torch":2,"minecraft:furnace":2,"minecraft:iron_ore":11,"minecraft:andesite":2,"minecraft:grass":24,"minecraft:oak_log":30,"minecraft:coal_ore":36,"minecraft:sunflower":7,"minecraft:dirt":36,"minecraft:stone":62,"minecraft:oak_leaves":52},"minecraft:custom":{"minecraft:interact_with_furnace":12,"minecraft:mob_kills":24,"minecraft:interact_with_crafting_table":22,"minecraft:leave_game":1,"minecraft:time_since_death":16078,"minecraft:sleep_in_bed":3,"minecraft:time_since_rest":16113,"minecraft:sprint_one_cm":42392,"minecraft:damage_taken":1628,"minecraft:walk_one_cm":262381,"minecraft:drop":19,"minecraft:damage_dealt":3741,"minecraft:fly_one_cm":56041,"minecraft:open_chest":4,"minecraft:crouch_one_cm":788,"minecraft:play_time":67151,"minecraft:deaths":4,"minecraft:sneak_time":1202,"minecraft:jump":780,"minecraft:total_world_time":67151,"minecraft:fall_one_cm":13992},"minecraft:used":{"minecraft:cooked_mutton":3,"minecraft:stone_pickaxe":90,"minecraft:oak_planks":12,"minecraft:chest":1,"minecraft:wooden_pickaxe":26,"minecraft:rotten_flesh":4,"minecraft:oak_door":1,"minecraft:torch":28,"minecraft:dirt":5,"minecraft:mutton":4,"minecraft:crafting_table":3,"minecraft:white_bed":3,"born_in_chaos_v1:corpse_maggot":4,"minecraft:oak_log":6,"minecraft:wooden_axe":31,"minecraft:iron_axe":1,"minecraft:bread":1,"minecraft:iron_pickaxe":1,"born_in_chaos_v1:nightmare_scythe":2,"minecraft:stone_axe":60,"minecraft:cobblestone":20,"minecraft:furnace":3,"minecraft:andesite":2,"minecraft:pointed_dripstone":2}},"DataVersion":3120}