{"stats":{"minecraft:killed_by":{"minecraft:player":1,"minecraft:zombie":1,"born_in_chaos_v1:fallen_chaos_knight":1,"born_in_chaos_v1:barrel_zombie":1},"minecraft:killed":{"minecraft:pig":1,"minecraft:spider":1,"born_in_chaos_v1:maggot":3,"minecraft:sheep":6,"minecraft:skeleton":1,"minecraft:zombie":5,"born_in_chaos_v1:dread_hound":1},"minecraft:dropped":{"minecraft:wheat_seeds":3,"minecraft:oak_log":1,"minecraft:cooked_porkchop":2,"minecraft:cooked_mutton":1,"irons_spellbooks:hither_thither_wand":1,"minecraft:sunflower":5,"minecraft:arrow":1,"paraglider:paraglider":3},"minecraft:crafted":{"minecraft:wooden_sword":1,"minecraft:oak_door":3,"minecraft:oak_planks":96,"minecraft:crafting_table":1,"minecraft:wooden_pickaxe":1,"minecraft:furnace":1,"minecraft:stone_axe":1,"minecraft:cooked_mutton":4,"minecraft:air":0,"minecraft:stick":24,"minecraft:stone_pickaxe":1,"minecraft:wooden_axe":1,"minecraft:chest":1,"minecraft:white_bed":1,"minecraft:torch":20},"minecraft:picked_up":{"paraglider:paraglider":4,"born_in_chaos_v1:corpse_maggot":5,"minecraft:crafting_table":1,"born_in_chaos_v1:monster_flesh":3,"minecraft:wooden_pickaxe":1,"minecraft:oak_log":31,"minecraft:string":2,"minecraft:dirt":107,"minecraft:cooked_mutton":2,"irons_spellbooks:iron_spell_book":1,"minecraft:bone":11,"irons_spellbooks:arcane_essence":2,"minecraft:wheat_seeds":4,"minecraft:gold_nugget":3,"minecraft:oak_planks":93,"irons_spellbooks:hither_thither_wand":1,"minecraft:furnace":1,"minecraft:stick":3,"minecraft:cooked_porkchop":2,"minecraft:oak_door":2,"minecraft:torch":4,"minecraft:porkchop":1,"minecraft:pointed_dripstone":1,"minecraft:ink_sac":1,"minecraft:white_bed":2,"born_in_chaos_v1:pieceofdarkmetal":5,"alexsmobs:animal_dictionary":1,"minecraft:rotten_flesh":6,"minecraft:arrow":4,"minecraft:gray_wool":1,"minecraft:oak_sapling":27,"minecraft:mutton":8,"minecraft:cod":2,"minecraft:coal":18,"minecraft:sunflower":6,"minecraft:white_wool":7,"minecraft:cobblestone":70,"minecraft:wooden_axe":3},"minecraft:mined":{"minecraft:white_bed":2,"minecraft:crafting_table":1,"minecraft:torch":3,"minecraft:grass_block":3,"minecraft:tall_grass":14,"minecraft:oak_planks":12,"minecraft:wall_torch":1,"minecraft:furnace":1,"minecraft:grass":24,"minecraft:oak_log":30,"minecraft:coal_ore":19,"minecraft:sunflower":7,"minecraft:dirt":36,"minecraft:stone":58,"minecraft:oak_leaves":52},"minecraft:custom":{"minecraft:interact_with_furnace":5,"minecraft:mob_kills":18,"minecraft:interact_with_crafting_table":13,"minecraft:leave_game":1,"minecraft:time_since_death":4078,"minecraft:sleep_in_bed":3,"minecraft:time_since_rest":4113,"minecraft:sprint_one_cm":40763,"minecraft:damage_taken":1328,"minecraft:walk_one_cm":197248,"minecraft:drop":17,"minecraft:damage_dealt":2979,"minecraft:fly_one_cm":54805,"minecraft:open_chest":3,"minecraft:crouch_one_cm":546,"minecraft:play_time":55151,"minecraft:deaths":4,"minecraft:sneak_time":1097,"minecraft:jump":646,"minecraft:total_world_time":55151,"minecraft:fall_one_cm":11234},"minecraft:used":{"minecraft:cooked_mutton":3,"minecraft:stone_pickaxe":52,"minecraft:oak_planks":12,"minecraft:chest":1,"minecraft:wooden_pickaxe":26,"minecraft:rotten_flesh":1,"minecraft:oak_door":1,"minecraft:torch":23,"minecraft:dirt":5,"minecraft:crafting_table":2,"minecraft:white_bed":3,"minecraft:oak_log":6,"minecraft:wooden_axe":31,"minecraft:bread":1,"born_in_chaos_v1:nightmare_scythe":2,"minecraft:stone_axe":35,"minecraft:cobblestone":15,"minecraft:furnace":2}},"DataVersion":3120}