{"stats":{"minecraft:dropped":{"minecraft:wheat_seeds":3,"minecraft:oak_log":1,"minecraft:cooked_porkchop":2,"minecraft:cobblestone":2,"minecraft:stick":2,"irons_spellbooks:scroll":1,"minecraft:torch":1,"minecraft:sunflower":5,"minecraft:iron_axe":3,"minecraft:iron_pickaxe":2,"paraglider:paraglider":3,"minecraft:cooked_mutton":1,"minecraft:shield":1,"minecraft:iron_chestplate":4,"irons_spellbooks:hither_thither_wand":1,"minecraft:arrow":1},"minecraft:killed_by":{"minecraft:player":1,"irons_spellbooks:cryomancer":1,"born_in_chaos_v1:fallen_chaos_knight":1,"born_in_chaos_v1:barrel_zombie":1,"minecraft:zombie":1,"iceandfire:fire_dragon":1},"minecraft:used":{"minecraft:chest":2,"minecraft:stone_hoe":131,"minecraft:rotten_flesh":4,"minecraft:iron_chestplate":1,"minecraft:oak_door":1,"minecraft:torch":103,"minecraft:dirt":5,"minecraft:mutton":4,"born_in_chaos_v1:corpse_maggot":4,"minecraft:wooden_axe":31,"minecraft:iron_axe":163,"minecraft:iron_helmet":1,"minecraft:iron_boots":1,"born_in_chaos_v1:nightmare_scythe":2,"born_in_chaos_v1:gnawed_bones":1,"minecraft:furnace":5,"minecraft:cooked_cod":1,"minecraft:pumpkin":2,"minecraft:iron_leggings":1,"minecraft:pointed_dripstone":2,"minecraft:cooked_mutton":3,"farmersdelight:iron_knife":10,"minecraft:water_bucket":3,"minecraft:diorite":6,"minecraft:stone_pickaxe":90,"minecraft:oak_planks":22,"minecraft:wooden_pickaxe":26,"minecraft:crafting_table":5,"minecraft:white_bed":5,"minecraft:deepslate_tiles":2,"minecraft:oak_log":6,"minecraft:wooden_hoe":59,"minecraft:bread":1,"minecraft:iron_pickaxe":245,"minecraft:soul_lantern":2,"minecraft:stone_axe":60,"minecraft:cobblestone":64,"minecraft:cooked_porkchop":8,"minecraft:andesite":2,"minecraft:bucket":4},"minecraft:mined":{"minecraft:deepslate_tiles":7,"minecraft:white_bed":4,"iceandfire:silver_ore":2,"minecraft:mossy_cobblestone":1,"minecraft:sculk_vein":5,"biomesoplenty:bush":5,"minecraft:grass_block":8,"minecraft:spruce_leaves":14,"born_in_chaos_v1:gnawed_bones":1,"biomesoplenty:jacaranda_log":16,"biomesoplenty:tall_lavender":13,"minecraft:sculk_catalyst":1,"minecraft:furnace":2,"minecraft:iron_ore":56,"biomesoplenty:lavender":60,"minecraft:andesite":2,"minecraft:pumpkin":3,"biomesoplenty:webbing":2,"biomesoplenty:barley":7,"minecraft:stone":106,"biomesoplenty:jacaranda_leaves":5,"born_in_chaos_v1:marigolds":1,"minecraft:soul_lantern":2,"minecraft:crafting_table":3,"minecraft:torch":4,"minecraft:emerald_ore":2,"minecraft:tall_grass":21,"minecraft:cobblestone":14,"minecraft:oak_planks":12,"minecraft:sculk":195,"minecraft:diorite":1,"minecraft:wall_torch":2,"minecraft:coarse_dirt":1,"born_in_chaos_v1:river_mint":1,"minecraft:grass":61,"minecraft:oak_log":62,"minecraft:coal_ore":125,"minecraft:sunflower":7,"minecraft:gravel":1,"minecraft:dirt":43,"biomesoplenty:stringy_cobweb":1,"minecraft:oak_leaves":54},"minecraft:broken":{"minecraft:stone_hoe":1,"minecraft:wooden_hoe":1},"minecraft:crafted":{"minecraft:wooden_sword":1,"minecraft:oak_door":3,"minecraft:oak_planks":96,"minecraft:furnace":3,"farmersdelight:rope":4,"minecraft:cooked_mutton":4,"minecraft:iron_boots":1,"minecraft:iron_axe":2,"minecraft:stone_pickaxe":1,"minecraft:chest":2,"minecraft:cooked_beef":1,"biomesoplenty:jacaranda_planks":4,"iceandfire:silver_ingot":2,"minecraft:cooked_porkchop":8,"minecraft:crafting_table":2,"farmersdelight:iron_knife":1,"minecraft:wooden_pickaxe":1,"minecraft:iron_helmet":1,"minecraft:bone":6,"minecraft:stone_axe":1,"minecraft:air":0,"minecraft:iron_chestplate":3,"minecraft:shield":2,"minecraft:stick":60,"minecraft:iron_ingot":79,"minecraft:iron_pickaxe":3,"minecraft:wooden_axe":1,"minecraft:iron_leggings":1,"minecraft:white_bed":2,"minecraft:torch":96},"minecraft:killed":{"born_in_chaos_v1:restless_spirit":1,"minecraft:spider":1,"irons_spellbooks:summoned_polar_bear":1,"born_in_chaos_v1:maggot":3,"minecraft:skeleton":2,"minecraft:chicken":1,"minecraft:pig":8,"minecraft:sheep":11,"minecraft:zombie":7,"iceandfire:ghost":1,"born_in_chaos_v1:dread_hound":1,"born_in_chaos_v1:corpse_fly":5,"alexsmobs:crow":2,"minecraft:cow":3},"minecraft:picked_up":{"minecraft:wooden_axe":3,"irons_spellbooks:scroll":2,"minecraft:crafting_table":4,"minecraft:iron_chestplate":2,"minecraft:chicken":1,"born_in_chaos_v1:river_mint":1,"minecraft:wooden_pickaxe":1,"biomesoplenty:jacaranda_sapling":1,"minecraft:string":3,"minecraft:iron_axe":2,"biomesoplenty:tall_lavender":13,"irons_spellbooks:arcane_essence":2,"minecraft:deepslate_tiles":7,"minecraft:gold_nugget":3,"minecraft:beef":6,"farmersdelight:straw":2,"born_in_chaos_v1:gnawed_bones":2,"minecraft:egg":1,"minecraft:furnace":2,"minecraft:stick":3,"minecraft:raw_iron":57,"minecraft:oak_door":2,"minecraft:torch":9,"iceandfire:silver_ore":2,"minecraft:porkchop":17,"minecraft:pointed_dripstone":2,"minecraft:diorite":7,"born_in_chaos_v1:pieceofdarkmetal":5,"biomesoplenty:jacaranda_log":16,"minecraft:arrow":5,"minecraft:rotten_flesh":9,"minecraft:cooked_cod":1,"minecraft:mutton":16,"minecraft:cobblestone":135,"minecraft:cod":2,"minecraft:white_wool":12,"paraglider:paraglider":4,"biomesoplenty:lavender":54,"born_in_chaos_v1:corpse_maggot":11,"minecraft:feather":2,"born_in_chaos_v1:monster_flesh":3,"minecraft:andesite":2,"minecraft:leather":4,"minecraft:oak_log":62,"minecraft:wooden_hoe":1,"minecraft:dirt":109,"minecraft:cooked_mutton":2,"irons_spellbooks:iron_spell_book":1,"minecraft:bone":11,"minecraft:wheat_seeds":12,"minecraft:oak_planks":93,"minecraft:stone_hoe":1,"irons_spellbooks:hither_thither_wand":1,"minecraft:cooked_porkchop":2,"minecraft:pumpkin":3,"minecraft:gravel":1,"minecraft:ink_sac":1,"minecraft:white_bed":4,"alexsmobs:animal_dictionary":1,"minecraft:soul_lantern":2,"minecraft:gray_wool":1,"minecraft:emerald":2,"minecraft:oak_sapling":27,"minecraft:coal":143,"minecraft:sunflower":6},"minecraft:custom":{"minecraft:mob_kills":47,"minecraft:interact_with_crafting_table":45,"minecraft:open_barrel":6,"minecraft:leave_game":3,"minecraft:time_since_death":11504,"minecraft:climb_one_cm":4977,"minecraft:sprint_one_cm":97685,"minecraft:walk_one_cm":769508,"minecraft:drop":31,"minecraft:play_time":178789,"minecraft:deaths":7,"minecraft:sneak_time":4058,"minecraft:walk_under_water_one_cm":2897,"minecraft:jump":2390,"minecraft:walk_on_water_one_cm":7144,"minecraft:total_world_time":178789,"minecraft:interact_with_furnace":54,"minecraft:sleep_in_bed":8,"minecraft:time_since_rest":6331,"minecraft:damage_taken":3157,"minecraft:damage_dealt":6624,"minecraft:fly_one_cm":132162,"minecraft:player_kills":1,"minecraft:open_chest":19,"minecraft:crouch_one_cm":9291,"minecraft:fall_one_cm":43698}},"DataVersion":3120}