{"stats":{"minecraft:killed_by":{"born_in_chaos_v1:barrel_zombie":1},"minecraft:killed":{"minecraft:sheep":3,"minecraft:skeleton":1,"minecraft:pig":1},"minecraft:dropped":{"minecraft:wheat_seeds":3,"minecraft:oak_log":1,"irons_spellbooks:hither_thither_wand":1,"minecraft:sunflower":5,"minecraft:arrow":1,"paraglider:paraglider":3},"minecraft:crafted":{"minecraft:oak_planks":72},"minecraft:picked_up":{"paraglider:paraglider":4,"minecraft:porkchop":1,"minecraft:oak_log":31,"minecraft:arrow":4,"minecraft:bone":3,"minecraft:wheat_seeds":3,"minecraft:oak_sapling":2,"minecraft:mutton":4,"minecraft:oak_planks":9,"irons_spellbooks:hither_thither_wand":1,"minecraft:white_wool":3,"minecraft:sunflower":6},"minecraft:mined":{"minecraft:grass":17,"minecraft:oak_log":30,"minecraft:sunflower":7,"minecraft:tall_grass":14,"minecraft:oak_planks":9,"minecraft:oak_leaves":52},"minecraft:custom":{"minecraft:time_since_rest":24331,"minecraft:sprint_one_cm":15002,"minecraft:damage_taken":350,"minecraft:walk_one_cm":59174,"minecraft:mob_kills":5,"minecraft:drop":14,"minecraft:damage_dealt":621,"minecraft:fly_one_cm":35467,"minecraft:crouch_one_cm":489,"minecraft:play_time":25151,"minecraft:deaths":1,"minecraft:sneak_time":1008,"minecraft:jump":279,"minecraft:leave_game":1,"minecraft:time_since_death":24281,"minecraft:total_world_time":25151,"minecraft:fall_one_cm":3847},"minecraft:used":{"minecraft:oak_log":6,"minecraft:oak_planks":12,"born_in_chaos_v1:nightmare_scythe":2}},"DataVersion":3120}