{"stats":{"minecraft:killed_by":{"minecraft:player":1,"minecraft:zombie":1,"born_in_chaos_v1:fallen_chaos_knight":1,"born_in_chaos_v1:barrel_zombie":1},"minecraft:killed":{"minecraft:pig":4,"minecraft:spider":1,"born_in_chaos_v1:maggot":3,"minecraft:sheep":6,"minecraft:skeleton":2,"minecraft:zombie":5,"born_in_chaos_v1:dread_hound":1,"born_in_chaos_v1:corpse_fly":5,"minecraft:cow":1},"minecraft:dropped":{"minecraft:wheat_seeds":3,"minecraft:oak_log":1,"minecraft:cooked_porkchop":2,"minecraft:cooked_mutton":1,"irons_spellbooks:scroll":1,"minecraft:torch":1,"irons_spellbooks:hither_thither_wand":1,"minecraft:sunflower":5,"minecraft:arrow":1,"minecraft:iron_pickaxe":1,"paraglider:paraglider":3},"minecraft:crafted":{"minecraft:wooden_sword":1,"minecraft:oak_door":3,"minecraft:oak_planks":96,"minecraft:crafting_table":1,"farmersdelight:iron_knife":1,"minecraft:wooden_pickaxe":1,"minecraft:furnace":2,"minecraft:bone":6,"minecraft:stone_axe":1,"minecraft:cooked_mutton":4,"minecraft:air":0,"minecraft:shield":1,"minecraft:iron_axe":1,"minecraft:stick":40,"minecraft:iron_pickaxe":2,"minecraft:iron_ingot":21,"minecraft:stone_pickaxe":1,"minecraft:wooden_axe":1,"minecraft:chest":2,"minecraft:white_bed":1,"minecraft:torch":40},"minecraft:picked_up":{"paraglider:paraglider":4,"irons_spellbooks:scroll":2,"born_in_chaos_v1:corpse_maggot":11,"minecraft:crafting_table":3,"born_in_chaos_v1:monster_flesh":3,"minecraft:andesite":2,"minecraft:leather":2,"minecraft:wooden_pickaxe":1,"minecraft:oak_log":31,"minecraft:string":3,"minecraft:dirt":107,"minecraft:cooked_mutton":2,"irons_spellbooks:iron_spell_book":1,"minecraft:bone":11,"irons_spellbooks:arcane_essence":2,"minecraft:wheat_seeds":5,"minecraft:gold_nugget":3,"minecraft:beef":1,"farmersdelight:straw":2,"born_in_chaos_v1:gnawed_bones":2,"minecraft:oak_planks":93,"irons_spellbooks:hither_thither_wand":1,"minecraft:furnace":2,"minecraft:raw_iron":16,"minecraft:stick":3,"minecraft:cooked_porkchop":2,"minecraft:oak_door":2,"minecraft:torch":6,"minecraft:porkchop":9,"minecraft:pointed_dripstone":2,"minecraft:ink_sac":1,"minecraft:white_bed":2,"born_in_chaos_v1:pieceofdarkmetal":5,"alexsmobs:animal_dictionary":1,"minecraft:rotten_flesh":8,"minecraft:arrow":5,"minecraft:cooked_cod":1,"minecraft:gray_wool":1,"minecraft:oak_sapling":27,"minecraft:mutton":8,"minecraft:cod":2,"minecraft:coal":76,"minecraft:sunflower":6,"minecraft:white_wool":7,"minecraft:cobblestone":78,"minecraft:wooden_axe":3},"minecraft:mined":{"minecraft:white_bed":2,"minecraft:crafting_table":2,"minecraft:torch":3,"minecraft:grass_block":3,"minecraft:tall_grass":16,"minecraft:spruce_leaves":2,"minecraft:oak_planks":12,"born_in_chaos_v1:gnawed_bones":1,"minecraft:wall_torch":2,"minecraft:furnace":2,"minecraft:iron_ore":15,"minecraft:andesite":2,"minecraft:grass":33,"minecraft:oak_log":30,"minecraft:coal_ore":55,"minecraft:sunflower":7,"minecraft:dirt":36,"minecraft:stone":66,"minecraft:oak_leaves":52},"minecraft:custom":{"minecraft:interact_with_furnace":12,"minecraft:mob_kills":28,"minecraft:interact_with_crafting_table":26,"minecraft:leave_game":1,"minecraft:time_since_death":9827,"minecraft:sleep_in_bed":4,"minecraft:time_since_rest":9462,"minecraft:sprint_one_cm":54796,"minecraft:damage_taken":1798,"minecraft:walk_one_cm":316649,"minecraft:drop":20,"minecraft:damage_dealt":4142,"minecraft:fly_one_cm":65670,"minecraft:open_chest":8,"minecraft:crouch_one_cm":788,"minecraft:play_time":79151,"minecraft:deaths":5,"minecraft:sneak_time":1203,"minecraft:jump":1013,"minecraft:walk_on_water_one_cm":1181,"minecraft:total_world_time":79151,"minecraft:fall_one_cm":19297},"minecraft:used":{"farmersdelight:iron_knife":10,"minecraft:cooked_mutton":3,"minecraft:stone_pickaxe":90,"minecraft:oak_planks":12,"minecraft:chest":2,"minecraft:wooden_pickaxe":26,"minecraft:rotten_flesh":4,"minecraft:oak_door":1,"minecraft:torch":40,"minecraft:dirt":5,"minecraft:mutton":4,"minecraft:crafting_table":3,"minecraft:white_bed":3,"born_in_chaos_v1:corpse_maggot":4,"minecraft:oak_log":6,"minecraft:wooden_axe":31,"minecraft:iron_axe":13,"minecraft:bread":1,"minecraft:iron_pickaxe":28,"born_in_chaos_v1:gnawed_bones":1,"born_in_chaos_v1:nightmare_scythe":2,"minecraft:stone_axe":60,"minecraft:cobblestone":20,"minecraft:furnace":4,"minecraft:andesite":2,"minecraft:pointed_dripstone":2}},"DataVersion":3120}