{"stats":{"minecraft:killed_by":{"minecraft:player":1,"born_in_chaos_v1:fallen_chaos_knight":1,"born_in_chaos_v1:barrel_zombie":1},"minecraft:killed":{"minecraft:pig":1,"born_in_chaos_v1:maggot":3,"minecraft:sheep":3,"minecraft:skeleton":1,"born_in_chaos_v1:dread_hound":1},"minecraft:dropped":{"minecraft:wheat_seeds":3,"minecraft:oak_log":1,"minecraft:cooked_porkchop":2,"minecraft:cooked_mutton":1,"irons_spellbooks:hither_thither_wand":1,"minecraft:sunflower":5,"minecraft:arrow":1,"paraglider:paraglider":3},"minecraft:crafted":{"minecraft:wooden_sword":1,"minecraft:oak_door":3,"minecraft:oak_planks":96,"minecraft:crafting_table":1,"minecraft:wooden_pickaxe":1,"minecraft:furnace":1,"minecraft:cooked_mutton":4,"minecraft:air":0,"minecraft:stick":12,"minecraft:wooden_axe":1,"minecraft:white_bed":1,"minecraft:torch":4},"minecraft:picked_up":{"paraglider:paraglider":4,"born_in_chaos_v1:corpse_maggot":5,"minecraft:crafting_table":1,"born_in_chaos_v1:monster_flesh":3,"minecraft:wooden_pickaxe":1,"minecraft:oak_log":31,"minecraft:dirt":107,"minecraft:cooked_mutton":2,"irons_spellbooks:iron_spell_book":1,"minecraft:bone":11,"irons_spellbooks:arcane_essence":2,"minecraft:wheat_seeds":4,"minecraft:gold_nugget":3,"minecraft:oak_planks":93,"irons_spellbooks:hither_thither_wand":1,"minecraft:furnace":1,"minecraft:stick":3,"minecraft:cooked_porkchop":2,"minecraft:oak_door":2,"minecraft:torch":4,"minecraft:porkchop":1,"minecraft:ink_sac":1,"minecraft:white_bed":2,"born_in_chaos_v1:pieceofdarkmetal":5,"alexsmobs:animal_dictionary":1,"minecraft:rotten_flesh":5,"minecraft:arrow":4,"minecraft:gray_wool":1,"minecraft:oak_sapling":27,"minecraft:mutton":4,"minecraft:cod":2,"minecraft:coal":3,"minecraft:sunflower":6,"minecraft:white_wool":4,"minecraft:cobblestone":29,"minecraft:wooden_axe":3},"minecraft:mined":{"minecraft:white_bed":2,"minecraft:crafting_table":1,"minecraft:torch":3,"minecraft:grass_block":3,"minecraft:tall_grass":14,"minecraft:oak_planks":12,"minecraft:wall_torch":1,"minecraft:furnace":1,"minecraft:grass":24,"minecraft:oak_log":30,"minecraft:coal_ore":2,"minecraft:sunflower":7,"minecraft:dirt":36,"minecraft:stone":17,"minecraft:oak_leaves":52},"minecraft:custom":{"minecraft:interact_with_furnace":4,"minecraft:mob_kills":9,"minecraft:interact_with_crafting_table":10,"minecraft:leave_game":1,"minecraft:time_since_death":2180,"minecraft:sleep_in_bed":3,"minecraft:time_since_rest":2216,"minecraft:sprint_one_cm":22787,"minecraft:damage_taken":948,"minecraft:walk_one_cm":128931,"minecraft:drop":17,"minecraft:damage_dealt":1285,"minecraft:fly_one_cm":42651,"minecraft:crouch_one_cm":546,"minecraft:play_time":43151,"minecraft:deaths":3,"minecraft:sneak_time":1097,"minecraft:jump":438,"minecraft:total_world_time":43151,"minecraft:fall_one_cm":4950},"minecraft:used":{"minecraft:cooked_mutton":2,"minecraft:oak_planks":12,"minecraft:wooden_pickaxe":20,"minecraft:rotten_flesh":1,"minecraft:oak_door":1,"minecraft:torch":7,"minecraft:dirt":5,"minecraft:crafting_table":2,"minecraft:white_bed":3,"minecraft:oak_log":6,"minecraft:wooden_axe":31,"born_in_chaos_v1:nightmare_scythe":2,"minecraft:furnace":2}},"DataVersion":3120}