{"stats":{"minecraft:broken":{"minecraft:stone_hoe":1,"minecraft:wooden_hoe":1},"minecraft:killed_by":{"minecraft:player":1,"born_in_chaos_v1:fallen_chaos_knight":1,"born_in_chaos_v1:barrel_zombie":1,"minecraft:zombie":1,"iceandfire:fire_dragon":1},"minecraft:killed":{"born_in_chaos_v1:restless_spirit":1,"minecraft:spider":1,"born_in_chaos_v1:maggot":3,"minecraft:skeleton":2,"minecraft:pig":4,"minecraft:sheep":6,"minecraft:zombie":7,"iceandfire:ghost":1,"born_in_chaos_v1:dread_hound":1,"born_in_chaos_v1:corpse_fly":5,"minecraft:cow":1},"minecraft:dropped":{"minecraft:wheat_seeds":3,"minecraft:oak_log":1,"minecraft:cooked_porkchop":2,"irons_spellbooks:scroll":1,"minecraft:torch":1,"minecraft:sunflower":5,"minecraft:iron_axe":3,"minecraft:iron_pickaxe":2,"paraglider:paraglider":3,"minecraft:cooked_mutton":1,"minecraft:shield":1,"minecraft:iron_chestplate":4,"irons_spellbooks:hither_thither_wand":1,"minecraft:arrow":1},"minecraft:crafted":{"minecraft:wooden_sword":1,"minecraft:oak_door":3,"minecraft:oak_planks":96,"minecraft:furnace":3,"farmersdelight:rope":4,"minecraft:cooked_mutton":4,"minecraft:iron_boots":1,"minecraft:iron_axe":2,"minecraft:stone_pickaxe":1,"minecraft:chest":2,"minecraft:cooked_beef":1,"minecraft:cooked_porkchop":8,"minecraft:crafting_table":1,"farmersdelight:iron_knife":1,"minecraft:wooden_pickaxe":1,"minecraft:iron_helmet":1,"minecraft:bone":6,"minecraft:stone_axe":1,"minecraft:air":0,"minecraft:iron_chestplate":3,"minecraft:shield":2,"minecraft:stick":56,"minecraft:iron_ingot":58,"minecraft:iron_pickaxe":3,"minecraft:wooden_axe":1,"minecraft:iron_leggings":1,"minecraft:white_bed":1,"minecraft:torch":88},"minecraft:picked_up":{"minecraft:wooden_axe":3,"irons_spellbooks:scroll":2,"minecraft:crafting_table":3,"minecraft:iron_chestplate":2,"minecraft:wooden_pickaxe":1,"minecraft:string":3,"minecraft:iron_axe":2,"irons_spellbooks:arcane_essence":2,"minecraft:gold_nugget":3,"minecraft:beef":1,"farmersdelight:straw":2,"born_in_chaos_v1:gnawed_bones":2,"minecraft:furnace":2,"minecraft:stick":3,"minecraft:raw_iron":50,"minecraft:oak_door":2,"minecraft:torch":9,"iceandfire:silver_ore":2,"minecraft:porkchop":9,"minecraft:pointed_dripstone":2,"minecraft:diorite":7,"born_in_chaos_v1:pieceofdarkmetal":5,"minecraft:arrow":5,"minecraft:rotten_flesh":9,"minecraft:cooked_cod":1,"minecraft:mutton":8,"minecraft:cobblestone":110,"minecraft:cod":2,"minecraft:white_wool":7,"paraglider:paraglider":4,"born_in_chaos_v1:corpse_maggot":11,"born_in_chaos_v1:monster_flesh":3,"minecraft:andesite":2,"minecraft:leather":2,"minecraft:oak_log":31,"minecraft:wooden_hoe":1,"minecraft:dirt":109,"minecraft:cooked_mutton":2,"minecraft:bone":11,"irons_spellbooks:iron_spell_book":1,"minecraft:wheat_seeds":10,"minecraft:oak_planks":93,"minecraft:stone_hoe":1,"irons_spellbooks:hither_thither_wand":1,"minecraft:cooked_porkchop":2,"minecraft:gravel":1,"minecraft:ink_sac":1,"minecraft:white_bed":2,"alexsmobs:animal_dictionary":1,"minecraft:gray_wool":1,"minecraft:oak_sapling":27,"minecraft:coal":141,"minecraft:sunflower":6},"minecraft:custom":{"minecraft:mob_kills":32,"minecraft:interact_with_crafting_table":42,"minecraft:leave_game":2,"minecraft:time_since_death":3181,"minecraft:sprint_one_cm":77895,"minecraft:walk_one_cm":511629,"minecraft:drop":29,"minecraft:play_time":126011,"minecraft:deaths":6,"minecraft:sneak_time":2542,"minecraft:walk_under_water_one_cm":2214,"minecraft:jump":1709,"minecraft:walk_on_water_one_cm":6843,"minecraft:total_world_time":126011,"minecraft:interact_with_furnace":49,"minecraft:sleep_in_bed":4,"minecraft:time_since_rest":3218,"minecraft:damage_taken":2828,"minecraft:damage_dealt":4943,"minecraft:fly_one_cm":96517,"minecraft:player_kills":1,"minecraft:open_chest":16,"minecraft:crouch_one_cm":5353,"minecraft:fall_one_cm":31641},"minecraft:mined":{"minecraft:white_bed":2,"iceandfire:silver_ore":2,"minecraft:mossy_cobblestone":1,"minecraft:sculk_vein":5,"biomesoplenty:bush":5,"minecraft:grass_block":8,"minecraft:spruce_leaves":2,"born_in_chaos_v1:gnawed_bones":1,"minecraft:sculk_catalyst":1,"minecraft:furnace":2,"minecraft:iron_ore":49,"minecraft:andesite":2,"biomesoplenty:webbing":2,"biomesoplenty:barley":5,"minecraft:stone":92,"minecraft:crafting_table":2,"minecraft:torch":4,"minecraft:tall_grass":17,"minecraft:cobblestone":2,"minecraft:oak_planks":12,"minecraft:sculk":195,"minecraft:diorite":1,"minecraft:wall_torch":2,"minecraft:coarse_dirt":1,"minecraft:grass":44,"minecraft:coal_ore":123,"minecraft:oak_log":30,"minecraft:sunflower":7,"minecraft:gravel":1,"minecraft:dirt":43,"biomesoplenty:stringy_cobweb":1,"minecraft:oak_leaves":52},"minecraft:used":{"minecraft:chest":2,"minecraft:stone_hoe":131,"minecraft:rotten_flesh":4,"minecraft:iron_chestplate":1,"minecraft:oak_door":1,"minecraft:torch":95,"minecraft:dirt":5,"minecraft:mutton":4,"born_in_chaos_v1:corpse_maggot":4,"minecraft:wooden_axe":31,"minecraft:iron_axe":57,"minecraft:iron_helmet":1,"minecraft:iron_boots":1,"born_in_chaos_v1:nightmare_scythe":2,"born_in_chaos_v1:gnawed_bones":1,"minecraft:furnace":5,"minecraft:iron_leggings":1,"minecraft:pointed_dripstone":2,"minecraft:cooked_mutton":3,"farmersdelight:iron_knife":10,"minecraft:water_bucket":3,"minecraft:diorite":6,"minecraft:stone_pickaxe":90,"minecraft:oak_planks":22,"minecraft:wooden_pickaxe":26,"minecraft:crafting_table":4,"minecraft:white_bed":3,"minecraft:oak_log":6,"minecraft:wooden_hoe":59,"minecraft:bread":1,"minecraft:iron_pickaxe":185,"minecraft:stone_axe":60,"minecraft:cobblestone":49,"minecraft:cooked_porkchop":8,"minecraft:andesite":2,"minecraft:bucket":4}},"DataVersion":3120}