{"stats":{"minecraft:killed_by":{"born_in_chaos_v1:barrel_zombie":1},"minecraft:killed":{"minecraft:skeleton":1},"minecraft:dropped":{"irons_spellbooks:hither_thither_wand":1},"minecraft:picked_up":{"minecraft:arrow":1,"irons_spellbooks:hither_thither_wand":1,"minecraft:sunflower":1},"minecraft:mined":{"minecraft:oak_leaves":2},"minecraft:custom":{"minecraft:jump":60,"minecraft:time_since_rest":12331,"minecraft:damage_dealt":216,"minecraft:damage_taken":250,"minecraft:leave_game":1,"minecraft:crouch_one_cm":176,"minecraft:time_since_death":12281,"minecraft:play_time":13151,"minecraft:sprint_one_cm":2958,"minecraft:walk_one_cm":21455,"minecraft:deaths":1,"minecraft:sneak_time":72,"minecraft:total_world_time":13151,"minecraft:mob_kills":1,"minecraft:drop":1,"minecraft:fly_one_cm":12322},"minecraft:used":{"born_in_chaos_v1:nightmare_scythe":2}},"DataVersion":3120}