{"stats":{"minecraft:killed_by":{"minecraft:player":1,"minecraft:zombie":1,"born_in_chaos_v1:fallen_chaos_knight":1,"born_in_chaos_v1:barrel_zombie":1},"minecraft:killed":{"minecraft:pig":4,"minecraft:spider":1,"born_in_chaos_v1:maggot":3,"minecraft:sheep":6,"minecraft:skeleton":2,"minecraft:zombie":7,"born_in_chaos_v1:dread_hound":1,"born_in_chaos_v1:corpse_fly":5,"minecraft:cow":1},"minecraft:dropped":{"minecraft:wheat_seeds":3,"minecraft:oak_log":1,"minecraft:cooked_porkchop":2,"minecraft:cooked_mutton":1,"irons_spellbooks:scroll":1,"minecraft:torch":1,"irons_spellbooks:hither_thither_wand":1,"minecraft:sunflower":5,"minecraft:arrow":1,"minecraft:iron_pickaxe":1,"paraglider:paraglider":3},"minecraft:crafted":{"minecraft:cooked_beef":1,"minecraft:wooden_sword":1,"minecraft:oak_door":3,"minecraft:oak_planks":96,"minecraft:cooked_porkchop":8,"minecraft:crafting_table":1,"farmersdelight:iron_knife":1,"minecraft:iron_helmet":1,"minecraft:wooden_pickaxe":1,"minecraft:furnace":3,"farmersdelight:rope":4,"minecraft:bone":6,"minecraft:stone_axe":1,"minecraft:cooked_mutton":4,"minecraft:air":0,"minecraft:iron_boots":1,"minecraft:iron_chestplate":3,"minecraft:shield":1,"minecraft:iron_axe":2,"minecraft:stick":52,"minecraft:iron_pickaxe":3,"minecraft:iron_ingot":57,"minecraft:stone_pickaxe":1,"minecraft:wooden_axe":1,"minecraft:chest":2,"minecraft:iron_leggings":1,"minecraft:white_bed":1,"minecraft:torch":72},"minecraft:picked_up":{"paraglider:paraglider":4,"irons_spellbooks:scroll":2,"born_in_chaos_v1:corpse_maggot":11,"minecraft:crafting_table":3,"born_in_chaos_v1:monster_flesh":3,"minecraft:andesite":2,"minecraft:leather":2,"minecraft:wooden_pickaxe":1,"minecraft:oak_log":31,"minecraft:string":3,"minecraft:dirt":107,"minecraft:cooked_mutton":2,"irons_spellbooks:iron_spell_book":1,"minecraft:bone":11,"irons_spellbooks:arcane_essence":2,"minecraft:wheat_seeds":5,"minecraft:gold_nugget":3,"minecraft:beef":1,"farmersdelight:straw":2,"born_in_chaos_v1:gnawed_bones":2,"minecraft:oak_planks":93,"irons_spellbooks:hither_thither_wand":1,"minecraft:furnace":2,"minecraft:raw_iron":29,"minecraft:stick":3,"minecraft:cooked_porkchop":2,"minecraft:oak_door":2,"minecraft:torch":6,"minecraft:gravel":1,"minecraft:porkchop":9,"minecraft:pointed_dripstone":2,"minecraft:ink_sac":1,"minecraft:white_bed":2,"born_in_chaos_v1:pieceofdarkmetal":5,"alexsmobs:animal_dictionary":1,"minecraft:rotten_flesh":9,"minecraft:arrow":5,"minecraft:cooked_cod":1,"minecraft:gray_wool":1,"minecraft:oak_sapling":27,"minecraft:mutton":8,"minecraft:cod":2,"minecraft:coal":124,"minecraft:sunflower":6,"minecraft:white_wool":7,"minecraft:cobblestone":87,"minecraft:wooden_axe":3},"minecraft:mined":{"minecraft:white_bed":2,"minecraft:crafting_table":2,"minecraft:torch":4,"minecraft:grass_block":3,"minecraft:tall_grass":16,"minecraft:spruce_leaves":2,"minecraft:oak_planks":12,"born_in_chaos_v1:gnawed_bones":1,"minecraft:wall_torch":2,"minecraft:furnace":2,"minecraft:iron_ore":28,"minecraft:andesite":2,"minecraft:grass":33,"minecraft:oak_log":30,"minecraft:coal_ore":105,"biomesoplenty:webbing":2,"minecraft:sunflower":7,"minecraft:gravel":1,"minecraft:dirt":36,"minecraft:stone":76,"minecraft:oak_leaves":52},"minecraft:custom":{"minecraft:interact_with_furnace":45,"minecraft:mob_kills":30,"minecraft:interact_with_crafting_table":40,"minecraft:leave_game":1,"minecraft:time_since_death":21827,"minecraft:sleep_in_bed":4,"minecraft:time_since_rest":21462,"minecraft:sprint_one_cm":58047,"minecraft:damage_taken":1873,"minecraft:walk_one_cm":339206,"minecraft:drop":20,"minecraft:damage_dealt":4508,"minecraft:player_kills":1,"minecraft:fly_one_cm":67193,"minecraft:open_chest":11,"minecraft:crouch_one_cm":788,"minecraft:play_time":91151,"minecraft:deaths":5,"minecraft:sneak_time":1230,"minecraft:jump":1061,"minecraft:walk_on_water_one_cm":1181,"minecraft:total_world_time":91151,"minecraft:fall_one_cm":19297},"minecraft:used":{"farmersdelight:iron_knife":10,"minecraft:cooked_mutton":3,"minecraft:stone_pickaxe":90,"minecraft:oak_planks":22,"minecraft:chest":2,"minecraft:wooden_pickaxe":26,"minecraft:rotten_flesh":4,"minecraft:iron_chestplate":1,"minecraft:oak_door":1,"minecraft:torch":44,"minecraft:dirt":5,"minecraft:mutton":4,"minecraft:crafting_table":4,"minecraft:white_bed":3,"born_in_chaos_v1:corpse_maggot":4,"minecraft:oak_log":6,"minecraft:wooden_axe":31,"minecraft:iron_axe":22,"minecraft:bread":1,"minecraft:iron_pickaxe":104,"minecraft:iron_helmet":1,"minecraft:iron_boots":1,"born_in_chaos_v1:gnawed_bones":1,"born_in_chaos_v1:nightmare_scythe":2,"minecraft:stone_axe":60,"minecraft:cobblestone":20,"minecraft:furnace":5,"minecraft:andesite":2,"minecraft:iron_leggings":1,"minecraft:pointed_dripstone":2}},"DataVersion":3120}