{"stats":{"minecraft:killed_by":{"minecraft:player":1,"minecraft:skeleton":1,"minecraft:creeper":3,"minecraft:zombie":1},"minecraft:killed":{"minecraft:zombie":1,"minecraft:pig":1,"born_in_chaos_v1:decrepit_skeleton":1},"minecraft:dropped":{"minecraft:wheat_seeds":1,"paraglider:paraglider":3},"minecraft:crafted":{"minecraft:oak_planks":72,"minecraft:crafting_table":1,"minecraft:stick":4,"minecraft:wooden_pickaxe":1,"minecraft:stone_pickaxe":1},"minecraft:picked_up":{"paraglider:paraglider":1,"minecraft:stick":6,"minecraft:crafting_table":1,"minecraft:cooked_porkchop":1,"minecraft:oak_door":4,"minecraft:wooden_pickaxe":2,"minecraft:porkchop":1,"minecraft:oak_log":18,"minecraft:dirt":39,"minecraft:wooden_sword":3,"minecraft:rotten_flesh":2,"irons_spellbooks:iron_spell_book":2,"minecraft:cooked_mutton":1,"minecraft:bone":7,"minecraft:arrow":14,"minecraft:wheat_seeds":13,"born_in_chaos_v1:gnawed_bones":1,"minecraft:oak_sapling":8,"minecraft:oak_planks":189,"minecraft:coal":28,"minecraft:cobblestone":39,"minecraft:sunflower":15},"minecraft:mined":{"minecraft:grass":16,"minecraft:oak_log":18,"minecraft:coal_ore":28,"minecraft:sunflower":4,"minecraft:tall_grass":10,"minecraft:stone":2,"minecraft:oak_leaves":8},"minecraft:custom":{"minecraft:time_since_rest":511,"minecraft:sprint_one_cm":61992,"minecraft:damage_taken":1722,"minecraft:walk_one_cm":47482,"minecraft:mob_kills":3,"minecraft:drop":4,"minecraft:damage_dealt":659,"minecraft:interact_with_crafting_table":3,"minecraft:fly_one_cm":92850,"minecraft:crouch_one_cm":1075,"minecraft:play_time":30524,"minecraft:deaths":6,"minecraft:sneak_time":357,"minecraft:jump":520,"minecraft:leave_game":1,"minecraft:time_since_death":476,"minecraft:sleep_in_bed":1,"minecraft:total_world_time":30524,"minecraft:fall_one_cm":17034},"minecraft:used":{"minecraft:cooked_mutton":1,"minecraft:wooden_pickaxe":44,"minecraft:wooden_sword":56,"minecraft:crafting_table":1,"minecraft:cooked_porkchop":1,"minecraft:porkchop":1}},"DataVersion":3120}