{"stats":{"minecraft:broken":{"minecraft:iron_axe":1,"minecraft:stone_axe":1,"minecraft:stone_hoe":2},"minecraft:killed_by":{"minecraft:player":2,"minecraft:skeleton":2,"minecraft:creeper":4,"minecraft:spider":2,"minecraft:zombie":2,"iceandfire:ghost":1,"born_in_chaos_v1:dread_hound":1,"iceandfire:fire_dragon":4},"minecraft:killed":{"born_in_chaos_v1:fallen_chaos_knight":1,"minecraft:cave_spider":2,"minecraft:pig":5,"born_in_chaos_v1:decrepit_skeleton":1,"born_in_chaos_v1:maggot":1,"alexsmobs:banana_slug":1,"minecraft:zombie":4,"born_in_chaos_v1:corpse_fly":1},"minecraft:dropped":{"minecraft:stone_hoe":1,"minecraft:wheat_seeds":1,"irons_spellbooks:scroll":2,"born_in_chaos_v1:gnawed_bones":1,"minecraft:wooden_hoe":1,"minecraft:iron_chestplate":1,"minecraft:iron_axe":1,"minecraft:wooden_pickaxe":1,"minecraft:iron_pickaxe":1,"paraglider:paraglider":3},"minecraft:crafted":{"minecraft:oak_planks":72,"minecraft:cooked_porkchop":7,"minecraft:crafting_table":4,"minecraft:wooden_pickaxe":1,"minecraft:stone_axe":1,"minecraft:air":0,"minecraft:wooden_hoe":1,"minecraft:shield":1,"minecraft:iron_axe":1,"minecraft:stick":28,"minecraft:iron_ingot":2,"minecraft:stone_pickaxe":2,"minecraft:chest":2,"minecraft:torch":40,"minecraft:stone_hoe":3},"minecraft:picked_up":{"paraglider:paraglider":1,"irons_spellbooks:scroll":1,"minecraft:iron_chestplate":2,"minecraft:crafting_table":3,"minecraft:wooden_pickaxe":2,"biomesoplenty:fir_log":14,"paraglider:spirit_orb":6,"minecraft:oak_log":18,"minecraft:lapis_lazuli":9,"minecraft:dirt":43,"minecraft:iron_axe":1,"minecraft:wooden_sword":3,"minecraft:cooked_mutton":1,"irons_spellbooks:iron_spell_book":2,"minecraft:bone":7,"minecraft:wheat_seeds":19,"minecraft:gold_nugget":6,"minecraft:raw_gold":1,"born_in_chaos_v1:gnawed_bones":1,"minecraft:iron_pickaxe":2,"biomesoplenty:hanging_cobweb":2,"minecraft:oak_planks":189,"minecraft:stick":6,"minecraft:raw_iron":42,"minecraft:cooked_porkchop":1,"minecraft:oak_door":4,"minecraft:torch":4,"born_in_chaos_v1:ethereal_spirit":2,"iceandfire:silver_ore":3,"minecraft:porkchop":9,"minecraft:diorite":2,"born_in_chaos_v1:pieceofdarkmetal":5,"minecraft:spider_eye":2,"minecraft:mossy_cobblestone":9,"minecraft:rotten_flesh":6,"minecraft:arrow":15,"minecraft:granite":3,"minecraft:oak_sapling":10,"minecraft:coal":60,"minecraft:cobblestone":124,"minecraft:sunflower":15},"minecraft:mined":{"iceandfire:graveyard_soil":2,"iceandfire:silver_ore":3,"minecraft:mossy_cobblestone":9,"minecraft:sculk_vein":6,"minecraft:crafting_table":3,"minecraft:granite":3,"biomesoplenty:bush":1,"minecraft:grass_block":5,"minecraft:sculk_sensor":5,"minecraft:tall_grass":15,"minecraft:cobblestone":31,"biomesoplenty:huge_clover_petal":6,"minecraft:lapis_ore":1,"minecraft:sculk":295,"minecraft:diorite":12,"minecraft:wall_torch":1,"minecraft:spawner":3,"biomesoplenty:stripped_fir_log":1,"minecraft:sculk_catalyst":1,"minecraft:iron_ore":46,"minecraft:andesite":2,"biomesoplenty:fir_log":15,"biomesoplenty:clover":1,"biomesoplenty:hanging_cobweb":5,"minecraft:grass":59,"minecraft:sculk_shrieker":1,"minecraft:vine":2,"minecraft:oak_log":18,"minecraft:coal_ore":56,"biomesoplenty:webbing":10,"minecraft:sunflower":4,"biomesoplenty:stringy_cobweb":1,"biomesoplenty:barley":45,"biomesoplenty:spider_egg":5,"minecraft:stone":75,"minecraft:gold_ore":1,"minecraft:oak_leaves":14},"minecraft:custom":{"minecraft:interact_with_furnace":5,"minecraft:mob_kills":16,"minecraft:interact_with_crafting_table":12,"minecraft:leave_game":4,"minecraft:time_since_death":2905,"minecraft:sleep_in_bed":1,"minecraft:climb_one_cm":354,"minecraft:time_since_rest":2933,"minecraft:sprint_one_cm":249154,"minecraft:damage_blocked_by_shield":50,"minecraft:damage_taken":6077,"minecraft:walk_one_cm":184347,"minecraft:trigger_trapped_chest":1,"minecraft:drop":13,"minecraft:damage_dealt":3284,"minecraft:swim_one_cm":9550,"minecraft:fly_one_cm":359074,"minecraft:open_chest":14,"minecraft:crouch_one_cm":8180,"minecraft:play_time":112256,"minecraft:deaths":21,"minecraft:sneak_time":2612,"minecraft:walk_under_water_one_cm":5757,"minecraft:jump":2373,"minecraft:walk_on_water_one_cm":11838,"minecraft:total_world_time":112256,"minecraft:fall_one_cm":84918},"minecraft:used":{"minecraft:cooked_mutton":1,"minecraft:diorite":2,"minecraft:stone_pickaxe":55,"minecraft:shield":4,"minecraft:wooden_pickaxe":44,"minecraft:stone_hoe":262,"minecraft:torch":79,"minecraft:mossy_cobblestone":2,"minecraft:dirt":17,"minecraft:crafting_table":6,"minecraft:iron_axe":233,"minecraft:iron_pickaxe":216,"minecraft:stone_axe":69,"minecraft:wooden_sword":56,"minecraft:cobblestone":49,"minecraft:cooked_porkchop":3,"minecraft:porkchop":2}},"DataVersion":3120}