{"stats":{"minecraft:killed_by":{"minecraft:player":1,"born_in_chaos_v1:dread_hound":1,"minecraft:skeleton":2,"minecraft:creeper":3,"minecraft:spider":1,"minecraft:zombie":1},"minecraft:killed":{"born_in_chaos_v1:fallen_chaos_knight":1,"minecraft:zombie":3,"minecraft:pig":1,"born_in_chaos_v1:decrepit_skeleton":1,"born_in_chaos_v1:maggot":1},"minecraft:dropped":{"minecraft:wheat_seeds":1,"paraglider:paraglider":3},"minecraft:crafted":{"minecraft:oak_planks":72,"minecraft:crafting_table":2,"minecraft:stick":16,"minecraft:wooden_pickaxe":1,"minecraft:stone_pickaxe":1,"minecraft:torch":40,"minecraft:stone_axe":1},"minecraft:picked_up":{"paraglider:paraglider":1,"minecraft:crafting_table":2,"minecraft:stick":6,"minecraft:raw_iron":2,"minecraft:cooked_porkchop":1,"minecraft:oak_door":4,"minecraft:wooden_pickaxe":2,"paraglider:spirit_orb":2,"minecraft:porkchop":1,"minecraft:oak_log":18,"born_in_chaos_v1:pieceofdarkmetal":5,"minecraft:dirt":39,"minecraft:wooden_sword":3,"minecraft:cooked_mutton":1,"minecraft:bone":7,"minecraft:arrow":14,"irons_spellbooks:iron_spell_book":2,"minecraft:rotten_flesh":6,"minecraft:wheat_seeds":15,"born_in_chaos_v1:gnawed_bones":1,"minecraft:oak_sapling":8,"minecraft:oak_planks":189,"minecraft:coal":41,"minecraft:cobblestone":48,"minecraft:sunflower":15},"minecraft:mined":{"minecraft:iron_ore":2,"minecraft:crafting_table":1,"minecraft:grass":26,"minecraft:coal_ore":41,"minecraft:oak_log":18,"minecraft:sunflower":4,"minecraft:tall_grass":13,"minecraft:stone":14,"minecraft:oak_leaves":8,"minecraft:spawner":1},"minecraft:custom":{"minecraft:time_since_rest":2609,"minecraft:sprint_one_cm":97855,"minecraft:damage_taken":2472,"minecraft:walk_one_cm":67504,"minecraft:mob_kills":7,"minecraft:drop":4,"minecraft:damage_dealt":1177,"minecraft:interact_with_crafting_table":5,"minecraft:fly_one_cm":121050,"minecraft:open_chest":3,"minecraft:play_time":41566,"minecraft:crouch_one_cm":1075,"minecraft:deaths":9,"minecraft:sneak_time":358,"minecraft:jump":712,"minecraft:leave_game":3,"minecraft:time_since_death":2554,"minecraft:sleep_in_bed":1,"minecraft:total_world_time":41566,"minecraft:fall_one_cm":24261},"minecraft:used":{"minecraft:cooked_mutton":1,"minecraft:stone_pickaxe":38,"minecraft:wooden_pickaxe":44,"minecraft:wooden_sword":56,"minecraft:torch":18,"minecraft:stone_axe":64,"minecraft:cobblestone":1,"minecraft:crafting_table":2,"minecraft:porkchop":1,"minecraft:cooked_porkchop":1}},"DataVersion":3120}