{"stats":{"minecraft:killed":{"minecraft:pig":1},"minecraft:dropped":{"minecraft:wheat_seeds":1,"paraglider:paraglider":3},"minecraft:picked_up":{"paraglider:paraglider":1,"minecraft:wheat_seeds":2,"minecraft:porkchop":1,"minecraft:oak_log":14,"minecraft:oak_sapling":1,"minecraft:sunflower":3},"minecraft:mined":{"minecraft:grass":7,"minecraft:oak_log":14,"minecraft:oak_leaves":5},"minecraft:custom":{"minecraft:time_since_rest":12524,"minecraft:crouch_one_cm":781,"minecraft:sprint_one_cm":22155,"minecraft:play_time":12524,"minecraft:damage_taken":100,"minecraft:walk_one_cm":13054,"minecraft:sneak_time":191,"minecraft:mob_kills":1,"minecraft:drop":4,"minecraft:jump":209,"minecraft:damage_dealt":110,"minecraft:leave_game":1,"minecraft:time_since_death":12524,"minecraft:total_world_time":12524,"minecraft:fall_one_cm":9565,"minecraft:fly_one_cm":48897},"minecraft:used":{"minecraft:porkchop":1}},"DataVersion":3120}