{"stats":{"minecraft:broken":{"minecraft:stone_axe":1,"minecraft:stone_hoe":1},"minecraft:killed_by":{"minecraft:player":2,"minecraft:skeleton":2,"minecraft:creeper":3,"minecraft:spider":2,"minecraft:zombie":2,"born_in_chaos_v1:dread_hound":1},"minecraft:killed":{"born_in_chaos_v1:fallen_chaos_knight":1,"minecraft:cave_spider":1,"minecraft:pig":5,"born_in_chaos_v1:decrepit_skeleton":1,"born_in_chaos_v1:maggot":1,"minecraft:zombie":4,"born_in_chaos_v1:corpse_fly":1},"minecraft:dropped":{"minecraft:stone_hoe":1,"minecraft:wheat_seeds":1,"irons_spellbooks:scroll":2,"born_in_chaos_v1:gnawed_bones":1,"minecraft:wooden_hoe":1,"minecraft:iron_chestplate":1,"minecraft:iron_axe":1,"minecraft:wooden_pickaxe":1,"minecraft:iron_pickaxe":1,"paraglider:paraglider":3},"minecraft:crafted":{"minecraft:oak_planks":72,"minecraft:cooked_porkchop":7,"minecraft:crafting_table":4,"minecraft:wooden_pickaxe":1,"minecraft:stone_axe":1,"minecraft:air":0,"minecraft:wooden_hoe":1,"minecraft:shield":1,"minecraft:iron_axe":1,"minecraft:stick":28,"minecraft:iron_ingot":2,"minecraft:stone_pickaxe":2,"minecraft:chest":2,"minecraft:torch":40,"minecraft:stone_hoe":3},"minecraft:picked_up":{"paraglider:paraglider":1,"irons_spellbooks:scroll":1,"minecraft:iron_chestplate":2,"minecraft:crafting_table":3,"minecraft:wooden_pickaxe":2,"paraglider:spirit_orb":6,"minecraft:oak_log":18,"minecraft:lapis_lazuli":9,"minecraft:dirt":43,"minecraft:iron_axe":1,"minecraft:wooden_sword":3,"minecraft:cooked_mutton":1,"irons_spellbooks:iron_spell_book":2,"minecraft:bone":7,"minecraft:wheat_seeds":17,"minecraft:raw_gold":1,"born_in_chaos_v1:gnawed_bones":1,"minecraft:iron_pickaxe":2,"biomesoplenty:hanging_cobweb":2,"minecraft:oak_planks":189,"minecraft:stick":6,"minecraft:raw_iron":37,"minecraft:cooked_porkchop":1,"minecraft:oak_door":4,"minecraft:torch":3,"iceandfire:silver_ore":2,"minecraft:porkchop":9,"minecraft:diorite":2,"born_in_chaos_v1:pieceofdarkmetal":5,"minecraft:spider_eye":1,"minecraft:rotten_flesh":6,"minecraft:arrow":15,"minecraft:granite":3,"minecraft:oak_sapling":10,"minecraft:coal":60,"minecraft:cobblestone":57,"minecraft:sunflower":15},"minecraft:mined":{"iceandfire:silver_ore":2,"minecraft:sculk_vein":5,"minecraft:crafting_table":3,"minecraft:granite":3,"minecraft:grass_block":4,"minecraft:sculk_sensor":1,"minecraft:tall_grass":13,"minecraft:cobblestone":1,"minecraft:lapis_ore":1,"minecraft:sculk":169,"minecraft:diorite":12,"minecraft:wall_torch":1,"minecraft:spawner":3,"minecraft:iron_ore":40,"minecraft:andesite":2,"biomesoplenty:hanging_cobweb":5,"minecraft:grass":38,"minecraft:sculk_shrieker":1,"minecraft:oak_log":18,"minecraft:coal_ore":56,"biomesoplenty:webbing":8,"minecraft:sunflower":4,"biomesoplenty:stringy_cobweb":1,"biomesoplenty:spider_egg":4,"minecraft:stone":27,"minecraft:gold_ore":1,"minecraft:oak_leaves":14},"minecraft:custom":{"minecraft:interact_with_furnace":5,"minecraft:mob_kills":14,"minecraft:interact_with_crafting_table":12,"minecraft:leave_game":3,"minecraft:time_since_death":19735,"minecraft:sleep_in_bed":1,"minecraft:time_since_rest":19771,"minecraft:sprint_one_cm":186793,"minecraft:damage_blocked_by_shield":50,"minecraft:damage_taken":4510,"minecraft:walk_one_cm":145941,"minecraft:drop":13,"minecraft:damage_dealt":2231,"minecraft:swim_one_cm":1757,"minecraft:fly_one_cm":230789,"minecraft:open_chest":6,"minecraft:crouch_one_cm":8150,"minecraft:play_time":89566,"minecraft:deaths":15,"minecraft:sneak_time":2535,"minecraft:walk_under_water_one_cm":1367,"minecraft:jump":1655,"minecraft:walk_on_water_one_cm":5550,"minecraft:total_world_time":89566,"minecraft:fall_one_cm":62409},"minecraft:used":{"minecraft:cooked_mutton":1,"minecraft:diorite":2,"minecraft:stone_pickaxe":52,"minecraft:shield":4,"minecraft:wooden_pickaxe":44,"minecraft:stone_hoe":131,"minecraft:torch":76,"minecraft:dirt":17,"minecraft:crafting_table":6,"minecraft:iron_axe":82,"minecraft:iron_pickaxe":112,"minecraft:stone_axe":69,"minecraft:wooden_sword":56,"minecraft:cobblestone":22,"minecraft:cooked_porkchop":1,"minecraft:porkchop":2}},"DataVersion":3120}