{"stats":{"minecraft:broken":{"minecraft:stone_axe":1},"minecraft:killed_by":{"minecraft:player":1,"minecraft:skeleton":2,"minecraft:creeper":3,"minecraft:spider":1,"minecraft:zombie":1,"born_in_chaos_v1:dread_hound":1},"minecraft:killed":{"born_in_chaos_v1:fallen_chaos_knight":1,"minecraft:pig":1,"born_in_chaos_v1:decrepit_skeleton":1,"born_in_chaos_v1:maggot":1,"minecraft:zombie":4},"minecraft:dropped":{"minecraft:wheat_seeds":1,"paraglider:paraglider":3},"minecraft:crafted":{"minecraft:oak_planks":72,"minecraft:crafting_table":2,"minecraft:wooden_pickaxe":1,"minecraft:stone_axe":1,"minecraft:shield":1,"minecraft:iron_axe":1,"minecraft:stick":20,"minecraft:stone_pickaxe":2,"minecraft:torch":40},"minecraft:picked_up":{"paraglider:paraglider":1,"minecraft:crafting_table":2,"minecraft:wooden_pickaxe":2,"paraglider:spirit_orb":4,"minecraft:oak_log":18,"minecraft:lapis_lazuli":9,"minecraft:dirt":39,"minecraft:wooden_sword":3,"minecraft:cooked_mutton":1,"irons_spellbooks:iron_spell_book":2,"minecraft:bone":7,"minecraft:wheat_seeds":15,"born_in_chaos_v1:gnawed_bones":1,"minecraft:iron_pickaxe":1,"minecraft:oak_planks":189,"minecraft:stick":6,"minecraft:raw_iron":9,"minecraft:cooked_porkchop":1,"minecraft:oak_door":4,"minecraft:torch":1,"minecraft:porkchop":1,"born_in_chaos_v1:pieceofdarkmetal":5,"minecraft:rotten_flesh":6,"minecraft:arrow":14,"minecraft:oak_sapling":8,"minecraft:coal":44,"minecraft:cobblestone":49,"minecraft:sunflower":15},"minecraft:mined":{"minecraft:crafting_table":2,"minecraft:tall_grass":13,"minecraft:cobblestone":1,"minecraft:lapis_ore":1,"minecraft:wall_torch":1,"minecraft:spawner":2,"minecraft:iron_ore":10,"minecraft:grass":26,"minecraft:oak_log":18,"minecraft:coal_ore":41,"minecraft:sunflower":4,"minecraft:stone":14,"minecraft:oak_leaves":8},"minecraft:custom":{"minecraft:interact_with_furnace":1,"minecraft:mob_kills":8,"minecraft:interact_with_crafting_table":8,"minecraft:leave_game":3,"minecraft:time_since_death":14554,"minecraft:sleep_in_bed":1,"minecraft:time_since_rest":14609,"minecraft:sprint_one_cm":107475,"minecraft:damage_taken":2634,"minecraft:walk_one_cm":78588,"minecraft:drop":4,"minecraft:damage_dealt":1399,"minecraft:fly_one_cm":128828,"minecraft:open_chest":4,"minecraft:crouch_one_cm":1075,"minecraft:play_time":53566,"minecraft:deaths":9,"minecraft:sneak_time":358,"minecraft:jump":799,"minecraft:walk_on_water_one_cm":327,"minecraft:total_world_time":53566,"minecraft:fall_one_cm":29335},"minecraft:used":{"minecraft:cooked_mutton":1,"minecraft:stone_pickaxe":51,"minecraft:wooden_pickaxe":44,"minecraft:torch":32,"minecraft:crafting_table":3,"minecraft:iron_axe":1,"minecraft:stone_axe":69,"minecraft:wooden_sword":56,"minecraft:cobblestone":1,"minecraft:cooked_porkchop":1,"minecraft:porkchop":1}},"DataVersion":3120}