{"stats":{"minecraft:broken":{"minecraft:stone_axe":1},"minecraft:killed_by":{"minecraft:player":1,"minecraft:skeleton":2,"minecraft:creeper":3,"minecraft:spider":1,"minecraft:zombie":2,"born_in_chaos_v1:dread_hound":1},"minecraft:killed":{"born_in_chaos_v1:fallen_chaos_knight":1,"minecraft:cave_spider":1,"minecraft:pig":5,"born_in_chaos_v1:decrepit_skeleton":1,"born_in_chaos_v1:maggot":1,"minecraft:zombie":4},"minecraft:dropped":{"minecraft:wheat_seeds":1,"irons_spellbooks:scroll":2,"born_in_chaos_v1:gnawed_bones":1,"minecraft:wooden_pickaxe":1,"paraglider:paraglider":3},"minecraft:crafted":{"minecraft:oak_planks":72,"minecraft:cooked_porkchop":7,"minecraft:crafting_table":3,"minecraft:wooden_pickaxe":1,"minecraft:stone_axe":1,"minecraft:air":0,"minecraft:shield":1,"minecraft:iron_axe":1,"minecraft:stick":20,"minecraft:stone_pickaxe":2,"minecraft:chest":2,"minecraft:torch":40},"minecraft:picked_up":{"paraglider:paraglider":1,"irons_spellbooks:scroll":1,"minecraft:crafting_table":3,"minecraft:wooden_pickaxe":2,"paraglider:spirit_orb":4,"minecraft:oak_log":18,"minecraft:lapis_lazuli":9,"minecraft:dirt":43,"minecraft:wooden_sword":3,"minecraft:cooked_mutton":1,"irons_spellbooks:iron_spell_book":2,"minecraft:bone":7,"minecraft:wheat_seeds":17,"born_in_chaos_v1:gnawed_bones":1,"minecraft:iron_pickaxe":1,"minecraft:oak_planks":189,"minecraft:stick":6,"minecraft:raw_iron":27,"minecraft:cooked_porkchop":1,"minecraft:oak_door":4,"minecraft:torch":1,"minecraft:porkchop":9,"born_in_chaos_v1:pieceofdarkmetal":5,"minecraft:spider_eye":1,"minecraft:rotten_flesh":6,"minecraft:arrow":15,"minecraft:oak_sapling":10,"minecraft:coal":44,"minecraft:cobblestone":49,"minecraft:sunflower":15},"minecraft:mined":{"minecraft:crafting_table":3,"minecraft:grass_block":4,"minecraft:tall_grass":13,"minecraft:cobblestone":1,"minecraft:lapis_ore":1,"minecraft:wall_torch":1,"minecraft:spawner":2,"minecraft:iron_ore":28,"biomesoplenty:hanging_cobweb":2,"minecraft:grass":38,"minecraft:oak_log":18,"minecraft:coal_ore":41,"biomesoplenty:webbing":3,"minecraft:sunflower":4,"biomesoplenty:spider_egg":1,"minecraft:stone":14,"minecraft:oak_leaves":14},"minecraft:custom":{"minecraft:interact_with_furnace":3,"minecraft:mob_kills":13,"minecraft:interact_with_crafting_table":10,"minecraft:leave_game":3,"minecraft:time_since_death":986,"minecraft:sleep_in_bed":1,"minecraft:time_since_rest":1017,"minecraft:sprint_one_cm":130928,"minecraft:damage_taken":2974,"minecraft:walk_one_cm":102784,"minecraft:drop":8,"minecraft:damage_dealt":1919,"minecraft:fly_one_cm":171499,"minecraft:open_chest":4,"minecraft:crouch_one_cm":1075,"minecraft:play_time":65566,"minecraft:deaths":11,"minecraft:sneak_time":365,"minecraft:jump":1104,"minecraft:walk_on_water_one_cm":1449,"minecraft:total_world_time":65566,"minecraft:fall_one_cm":37073},"minecraft:used":{"minecraft:cooked_mutton":1,"minecraft:stone_pickaxe":51,"minecraft:wooden_pickaxe":44,"minecraft:torch":33,"minecraft:crafting_table":4,"minecraft:iron_axe":41,"minecraft:iron_pickaxe":25,"minecraft:stone_axe":69,"minecraft:wooden_sword":56,"minecraft:cobblestone":1,"minecraft:cooked_porkchop":1,"minecraft:porkchop":2}},"DataVersion":3120}