{"stats":{"minecraft:killed_by":{"minecraft:creeper":1,"born_in_chaos_v1:dread_hound":1},"minecraft:killed":{"born_in_chaos_v1:barrel_zombie":1,"born_in_chaos_v1:fallen_chaos_knight":1,"born_in_chaos_v1:maggot":1,"minecraft:sheep":5,"minecraft:zombie":1,"born_in_chaos_v1:corpse_fly":1,"minecraft:cow":4},"minecraft:dropped":{"minecraft:stone_axe":1,"minecraft:goat_horn":1,"minecraft:wheat_seeds":6,"minecraft:cooked_beef":1,"alexsmobs:animal_dictionary":1,"minecraft:cobblestone":1,"minecraft:rotten_flesh":3,"minecraft:oak_planks":114,"minecraft:cooked_mutton":1,"born_in_chaos_v1:pieceofdarkmetal":5,"minecraft:gray_wool":1,"minecraft:ink_sac":1,"minecraft:wooden_axe":1,"born_in_chaos_v1:corpse_maggot":3,"irons_spellbooks:arcane_essence":2,"minecraft:gold_nugget":3,"minecraft:wooden_pickaxe":1,"minecraft:white_wool":1},"minecraft:crafted":{"minecraft:cooked_beef":5,"minecraft:oak_planks":20,"minecraft:crafting_table":2,"minecraft:wooden_pickaxe":1,"minecraft:furnace":1,"minecraft:stone_axe":1,"minecraft:air":0,"minecraft:stick":12,"minecraft:stone_pickaxe":1,"minecraft:wooden_axe":1,"minecraft:white_bed":1,"minecraft:dark_oak_planks":12},"minecraft:picked_up":{"paraglider:paraglider":2,"born_in_chaos_v1:corpse_maggot":3,"minecraft:crafting_table":2,"minecraft:wheat":3,"minecraft:cooked_beef":1,"minecraft:leather":4,"minecraft:wooden_pickaxe":1,"minecraft:potato":4,"minecraft:oak_log":5,"minecraft:dirt":9,"minecraft:cooked_mutton":1,"minecraft:experience_bottle":1,"irons_spellbooks:arcane_essence":1,"minecraft:wheat_seeds":6,"minecraft:gold_nugget":3,"minecraft:beef":5,"minecraft:chest":1,"minecraft:oak_planks":114,"minecraft:furnace":1,"minecraft:stick":9,"minecraft:torch":1,"minecraft:ink_sac":1,"born_in_chaos_v1:pieceofdarkmetal":5,"minecraft:carrot":3,"minecraft:goat_horn":2,"minecraft:arrow":6,"minecraft:rotten_flesh":3,"minecraft:stone_axe":1,"farmersdelight:onion":7,"minecraft:gray_wool":1,"minecraft:mutton":7,"minecraft:coal":1,"minecraft:white_wool":4,"minecraft:cobblestone":49,"minecraft:sunflower":3},"minecraft:mined":{"minecraft:crafting_table":2,"biomesoplenty:bush":2,"minecraft:grass_block":4,"minecraft:chest":1,"minecraft:furnace":1,"minecraft:grass":34,"minecraft:oak_log":5,"minecraft:coal_ore":1,"minecraft:dirt":2,"minecraft:stone":44},"minecraft:custom":{"minecraft:interact_with_furnace":4,"minecraft:mob_kills":14,"minecraft:interact_with_crafting_table":5,"minecraft:leave_game":1,"minecraft:time_since_death":17629,"minecraft:sleep_in_bed":3,"minecraft:time_since_rest":9363,"minecraft:sprint_one_cm":96324,"minecraft:damage_taken":1160,"minecraft:walk_one_cm":158178,"minecraft:drop":19,"minecraft:damage_dealt":1920,"minecraft:fly_one_cm":230704,"minecraft:player_kills":2,"minecraft:open_chest":4,"minecraft:crouch_one_cm":3896,"minecraft:play_time":53671,"minecraft:deaths":2,"minecraft:sneak_time":1747,"minecraft:jump":1245,"minecraft:total_world_time":53671,"minecraft:fall_one_cm":35336},"minecraft:used":{"minecraft:stone_pickaxe":37,"minecraft:wooden_pickaxe":9,"minecraft:dirt":4,"minecraft:crafting_table":4,"minecraft:carrot":10,"minecraft:crossbow":7,"minecraft:white_bed":1,"minecraft:wooden_axe":19,"minecraft:dark_oak_planks":5,"minecraft:bread":1,"minecraft:stone_axe":29,"minecraft:furnace":2,"minecraft:cooked_beef":5,"minecraft:potato":7,"minecraft:experience_bottle":1}},"DataVersion":3120}