{"stats":{"minecraft:killed":{"born_in_chaos_v1:barrel_zombie":1,"born_in_chaos_v1:fallen_chaos_knight":1,"born_in_chaos_v1:maggot":1,"minecraft:sheep":5,"minecraft:zombie":1,"born_in_chaos_v1:corpse_fly":1,"minecraft:cow":4},"minecraft:dropped":{"minecraft:stone_axe":1,"minecraft:goat_horn":1,"minecraft:wheat_seeds":6,"minecraft:cooked_beef":1,"alexsmobs:animal_dictionary":1,"minecraft:cobblestone":1,"minecraft:rotten_flesh":3,"minecraft:oak_planks":114,"minecraft:cooked_mutton":1,"born_in_chaos_v1:pieceofdarkmetal":5,"minecraft:gray_wool":1,"minecraft:ink_sac":1,"minecraft:wooden_axe":1,"born_in_chaos_v1:corpse_maggot":3,"irons_spellbooks:arcane_essence":2,"minecraft:gold_nugget":3,"minecraft:wooden_pickaxe":1,"minecraft:white_wool":1},"minecraft:crafted":{"minecraft:cooked_beef":5,"minecraft:oak_planks":20,"minecraft:crafting_table":2,"minecraft:wooden_pickaxe":1,"minecraft:furnace":1,"minecraft:stone_axe":1,"minecraft:air":0,"minecraft:stick":12,"minecraft:stone_pickaxe":1,"minecraft:wooden_axe":1,"minecraft:white_bed":1,"minecraft:dark_oak_planks":12},"minecraft:picked_up":{"paraglider:paraglider":2,"born_in_chaos_v1:corpse_maggot":3,"minecraft:crafting_table":2,"minecraft:wheat":3,"minecraft:cooked_beef":1,"minecraft:leather":4,"minecraft:wooden_pickaxe":1,"minecraft:potato":4,"minecraft:oak_log":5,"minecraft:dirt":4,"minecraft:cooked_mutton":1,"minecraft:experience_bottle":1,"irons_spellbooks:arcane_essence":1,"minecraft:wheat_seeds":6,"minecraft:gold_nugget":3,"minecraft:beef":5,"minecraft:chest":1,"minecraft:oak_planks":114,"minecraft:furnace":1,"minecraft:stick":9,"minecraft:torch":1,"minecraft:ink_sac":1,"born_in_chaos_v1:pieceofdarkmetal":5,"minecraft:carrot":3,"minecraft:goat_horn":2,"minecraft:arrow":6,"minecraft:rotten_flesh":3,"farmersdelight:onion":7,"minecraft:gray_wool":1,"minecraft:mutton":7,"minecraft:coal":1,"minecraft:white_wool":4,"minecraft:cobblestone":25},"minecraft:mined":{"minecraft:crafting_table":2,"minecraft:grass_block":1,"minecraft:chest":1,"minecraft:furnace":1,"minecraft:grass":31,"minecraft:oak_log":5,"minecraft:coal_ore":1,"minecraft:stone":25},"minecraft:custom":{"minecraft:interact_with_furnace":3,"minecraft:mob_kills":14,"minecraft:interact_with_crafting_table":5,"minecraft:time_since_death":32800,"minecraft:sleep_in_bed":2,"minecraft:time_since_rest":4715,"minecraft:sprint_one_cm":51259,"minecraft:damage_taken":635,"minecraft:walk_one_cm":101050,"minecraft:drop":19,"minecraft:damage_dealt":1803,"minecraft:fly_one_cm":122433,"minecraft:player_kills":2,"minecraft:open_chest":1,"minecraft:crouch_one_cm":3194,"minecraft:play_time":32800,"minecraft:sneak_time":1573,"minecraft:jump":668,"minecraft:total_world_time":32800,"minecraft:fall_one_cm":17009},"minecraft:used":{"minecraft:stone_pickaxe":18,"minecraft:wooden_pickaxe":9,"minecraft:dirt":4,"minecraft:crafting_table":3,"minecraft:carrot":10,"minecraft:crossbow":7,"minecraft:white_bed":1,"minecraft:dark_oak_planks":5,"minecraft:wooden_axe":19,"minecraft:stone_axe":26,"minecraft:furnace":1,"minecraft:cooked_beef":5,"minecraft:potato":7,"minecraft:experience_bottle":1}},"DataVersion":3120}