{"stats":{"minecraft:killed":{"minecraft:sheep":5,"minecraft:cow":4},"minecraft:crafted":{"minecraft:oak_planks":20,"minecraft:crafting_table":2,"minecraft:stick":12,"minecraft:wooden_pickaxe":1,"minecraft:stone_pickaxe":1,"minecraft:wooden_axe":1,"minecraft:dark_oak_planks":12,"minecraft:stone_axe":1},"minecraft:picked_up":{"paraglider:paraglider":1,"minecraft:crafting_table":1,"minecraft:wheat":3,"minecraft:leather":4,"minecraft:potato":4,"minecraft:oak_log":5,"minecraft:carrot":3,"minecraft:goat_horn":1,"minecraft:dirt":1,"minecraft:experience_bottle":1,"minecraft:arrow":4,"irons_spellbooks:arcane_essence":1,"minecraft:wheat_seeds":3,"farmersdelight:onion":7,"minecraft:beef":5,"minecraft:gray_wool":1,"minecraft:chest":1,"minecraft:mutton":7,"minecraft:coal":1,"minecraft:white_wool":4,"minecraft:cobblestone":10},"minecraft:mined":{"minecraft:crafting_table":1,"minecraft:grass":25,"minecraft:coal_ore":1,"minecraft:grass_block":1,"minecraft:oak_log":5,"minecraft:chest":1,"minecraft:stone":10},"minecraft:custom":{"minecraft:time_since_rest":14800,"minecraft:sprint_one_cm":22977,"minecraft:damage_taken":186,"minecraft:walk_one_cm":36549,"minecraft:mob_kills":9,"minecraft:damage_dealt":845,"minecraft:interact_with_crafting_table":2,"minecraft:fly_one_cm":64102,"minecraft:open_chest":1,"minecraft:crouch_one_cm":1732,"minecraft:play_time":14800,"minecraft:sneak_time":595,"minecraft:jump":276,"minecraft:time_since_death":14800,"minecraft:total_world_time":14800,"minecraft:fall_one_cm":6571},"minecraft:used":{"minecraft:wooden_axe":19,"minecraft:dark_oak_planks":5,"minecraft:stone_pickaxe":2,"minecraft:wooden_pickaxe":9,"minecraft:stone_axe":1,"minecraft:dirt":1,"minecraft:crafting_table":2,"minecraft:carrot":10,"minecraft:experience_bottle":1}},"DataVersion":3120}